schema_version,run_id,mode,seed,episode_id,step,event_id,cluster_id,fire_size,grid_width,grid_height,p,f,global_tree_density,quiet_window_component_count,pair_id,source,notes
1,part-c0-baseline-smoke,baseline,20260609,0,11175,1,1,16382,128,128,0.01,1e-06,0.54284668,1,,env,part-c0-unmanaged-baseline
1,part-c0-baseline-smoke,baseline,20260609,0,11399,2,1,14838,128,128,0.01,1e-06,0.49957275,1,,env,part-c0-unmanaged-baseline
1,part-c0-baseline-smoke,baseline,20260609,0,11721,3,1,15476,128,128,0.01,1e-06,0.59350586,1,,env,part-c0-unmanaged-baseline
1,part-c0-baseline-smoke,baseline,20260609,0,12117,4,1,16045,128,128,0.01,1e-06,0.59075928,1,,env,part-c0-unmanaged-baseline
1,part-c0-baseline-smoke,baseline,20260609,0,12504,5,1,15981,128,128,0.01,1e-06,0.57604980,1,,env,part-c0-unmanaged-baseline
1,part-c0-baseline-smoke,baseline,20260609,0,12782,6,1,14999,128,128,0.01,1e-06,0.66973877,1,,env,part-c0-unmanaged-baseline
1,part-c0-baseline-smoke,baseline,20260609,0,13108,7,1,15829,128,128,0.01,1e-06,0.54620361,1,,env,part-c0-unmanaged-baseline
1,part-c0-baseline-smoke,baseline,20260609,0,13594,8,1,16236,128,128,0.01,1e-06,0.53625488,1,,env,part-c0-unmanaged-baseline
1,part-c0-baseline-smoke,baseline,20260609,0,13842,9,1,14239,128,128,0.01,1e-06,0.66876221,1,,env,part-c0-unmanaged-baseline
1,part-c0-baseline-smoke,baseline,20260609,0,14010,10,1,14189,128,128,0.01,1e-06,0.53948975,1,,env,part-c0-unmanaged-baseline
1,part-c0-baseline-smoke,baseline,20260609,0,14789,11,1,16373,128,128,0.01,1e-06,0.61273193,1,,env,part-c0-unmanaged-baseline
1,part-c0-baseline-smoke,baseline,20260609,0,15163,12,1,15985,128,128,0.01,1e-06,0.58447266,1,,env,part-c0-unmanaged-baseline
1,part-c0-baseline-smoke,baseline,20260609,0,15561,13,1,16030,128,128,0.01,1e-06,0.58801270,1,,env,part-c0-unmanaged-baseline
1,part-c0-baseline-smoke,baseline,20260609,0,15755,14,1,13564,128,128,0.01,1e-06,0.58422852,1,,env,part-c0-unmanaged-baseline
1,part-c0-baseline-smoke,baseline,20260609,0,16095,15,1,15649,128,128,0.01,1e-06,0.62347412,1,,env,part-c0-unmanaged-baseline
1,part-c0-baseline-smoke,baseline,20260609,0,16311,16,1,14540,128,128,0.01,1e-06,0.57946777,1,,env,part-c0-unmanaged-baseline
1,part-c0-baseline-smoke,baseline,20260609,0,16530,17,1,14875,128,128,0.01,1e-06,0.46984863,1,,env,part-c0-unmanaged-baseline
1,part-c0-baseline-smoke,baseline,20260609,0,16778,18,1,14721,128,128,0.01,1e-06,0.53576660,1,,env,part-c0-unmanaged-baseline
1,part-c0-baseline-smoke,baseline,20260609,0,17055,19,1,15371,128,128,0.01,1e-06,0.51049805,1,,env,part-c0-unmanaged-baseline
1,part-c0-baseline-smoke,baseline,20260609,0,17383,20,1,15606,128,128,0.01,1e-06,0.56561279,1,,env,part-c0-unmanaged-baseline
1,part-c0-baseline-smoke,baseline,20260609,0,17552,21,1,13524,128,128,0.01,1e-06,0.50756836,1,,env,part-c0-unmanaged-baseline
1,part-c0-baseline-smoke,baseline,20260609,0,17808,22,1,14897,128,128,0.01,1e-06,0.54864502,1,,env,part-c0-unmanaged-baseline
1,part-c0-baseline-smoke,baseline,20260609,0,18045,23,1,14509,128,128,0.01,1e-06,0.61688232,1,,env,part-c0-unmanaged-baseline
1,part-c0-baseline-smoke,baseline,20260609,0,18266,24,1,14395,128,128,0.01,1e-06,0.61242676,1,,env,part-c0-unmanaged-baseline
1,part-c0-baseline-smoke,baseline,20260609,0,18567,25,1,15717,128,128,0.01,1e-06,0.44427490,1,,env,part-c0-unmanaged-baseline
1,part-c0-baseline-smoke,baseline,20260609,0,18822,26,1,14691,128,128,0.01,1e-06,0.54266357,1,,env,part-c0-unmanaged-baseline
1,part-c0-baseline-smoke,baseline,20260609,0,19127,27,1,15185,128,128,0.01,1e-06,0.61712646,1,,env,part-c0-unmanaged-baseline
1,part-c0-baseline-smoke,baseline,20260609,0,19396,28,1,15163,128,128,0.01,1e-06,0.60375977,1,,env,part-c0-unmanaged-baseline
1,part-c0-baseline-smoke,baseline,20260609,0,19649,29,1,15288,128,128,0.01,1e-06,0.48028564,1,,env,part-c0-unmanaged-baseline
1,part-c0-baseline-smoke,baseline,20260609,0,19683,30,1,26,128,128,0.01,1e-06,0.63146973,1,,env,part-c0-unmanaged-baseline
1,part-c0-baseline-smoke,baseline,20260609,0,19918,31,1,15255,128,128,0.01,1e-06,0.46899414,1,,env,part-c0-unmanaged-baseline
1,part-c0-baseline-smoke,baseline,20260609,0,20440,32,1,16290,128,128,0.01,1e-06,0.50347900,1,,env,part-c0-unmanaged-baseline
1,part-c0-baseline-smoke,baseline,20260609,0,20812,33,1,15700,128,128,0.01,1e-06,0.63903809,1,,env,part-c0-unmanaged-baseline
1,part-c0-baseline-smoke,baseline,20260609,0,21313,34,1,16284,128,128,0.01,1e-06,0.58898926,1,,env,part-c0-unmanaged-baseline
1,part-c0-baseline-smoke,baseline,20260609,0,21628,35,1,15652,128,128,0.01,1e-06,0.58972168,1,,env,part-c0-unmanaged-baseline
1,part-c0-baseline-smoke,baseline,20260609,0,21906,36,1,15419,128,128,0.01,1e-06,0.52642822,1,,env,part-c0-unmanaged-baseline
1,part-c0-baseline-smoke,baseline,20260609,0,22330,37,1,15975,128,128,0.01,1e-06,0.67358398,1,,env,part-c0-unmanaged-baseline
1,part-c0-baseline-smoke,baseline,20260609,0,22691,38,1,16055,128,128,0.01,1e-06,0.56610107,1,,env,part-c0-unmanaged-baseline
1,part-c0-baseline-smoke,baseline,20260609,0,22968,39,1,15432,128,128,0.01,1e-06,0.49829102,1,,env,part-c0-unmanaged-baseline
1,part-c0-baseline-smoke,baseline,20260609,0,24106,40,1,16384,128,128,0.01,1e-06,0.64874268,1,,env,part-c0-unmanaged-baseline
1,part-c0-baseline-smoke,baseline,20260609,0,24404,41,1,15861,128,128,0.01,1e-06,0.42004395,1,,env,part-c0-unmanaged-baseline
1,part-c0-baseline-smoke,baseline,20260609,0,24592,42,1,13013,128,128,0.01,1e-06,0.52282715,1,,env,part-c0-unmanaged-baseline
1,part-c0-baseline-smoke,baseline,20260609,0,25041,43,1,16158,128,128,0.01,1e-06,0.58752441,1,,env,part-c0-unmanaged-baseline
1,part-c0-baseline-smoke,baseline,20260609,0,25245,44,1,14729,128,128,0.01,1e-06,0.45635986,1,,env,part-c0-unmanaged-baseline
1,part-c0-baseline-smoke,baseline,20260609,0,25437,45,1,13523,128,128,0.01,1e-06,0.53137207,1,,env,part-c0-unmanaged-baseline
1,part-c0-baseline-smoke,baseline,20260609,0,25691,46,1,15038,128,128,0.01,1e-06,0.52154541,1,,env,part-c0-unmanaged-baseline
1,part-c0-baseline-smoke,baseline,20260609,0,25906,47,1,14227,128,128,0.01,1e-06,0.51599121,1,,env,part-c0-unmanaged-baseline
1,part-c0-baseline-smoke,baseline,20260609,0,25925,48,1,18,128,128,0.01,1e-06,0.60192871,1,,env,part-c0-unmanaged-baseline
1,part-c0-baseline-smoke,baseline,20260609,0,25948,49,1,31,128,128,0.01,1e-06,0.68060303,1,,env,part-c0-unmanaged-baseline
1,part-c0-baseline-smoke,baseline,20260609,0,26115,50,1,14171,128,128,0.01,1e-06,0.53509521,1,,env,part-c0-unmanaged-baseline
1,part-c0-baseline-smoke,baseline,20260609,0,26416,51,1,15213,128,128,0.01,1e-06,0.64855957,1,,env,part-c0-unmanaged-baseline
1,part-c0-baseline-smoke,baseline,20260609,0,26678,52,1,15392,128,128,0.01,1e-06,0.58404541,1,,env,part-c0-unmanaged-baseline
1,part-c0-baseline-smoke,baseline,20260609,0,26723,53,1,5,128,128,0.01,1e-06,0.73944092,1,,env,part-c0-unmanaged-baseline
1,part-c0-baseline-smoke,baseline,20260609,0,27152,54,1,16271,128,128,0.01,1e-06,0.46362305,1,,env,part-c0-unmanaged-baseline
1,part-c0-baseline-smoke,baseline,20260609,0,27327,55,1,13290,128,128,0.01,1e-06,0.48437500,1,,env,part-c0-unmanaged-baseline
1,part-c0-baseline-smoke,baseline,20260609,0,27499,56,1,12670,128,128,0.01,1e-06,0.57501221,1,,env,part-c0-unmanaged-baseline
1,part-c0-baseline-smoke,baseline,20260609,0,27942,57,1,16166,128,128,0.01,1e-06,0.54748535,1,,env,part-c0-unmanaged-baseline
1,part-c0-baseline-smoke,baseline,20260609,0,28297,58,1,15672,128,128,0.01,1e-06,0.64898682,1,,env,part-c0-unmanaged-baseline
1,part-c0-baseline-smoke,baseline,20260609,0,28719,59,1,16138,128,128,0.01,1e-06,0.61505127,1,,env,part-c0-unmanaged-baseline
1,part-c0-baseline-smoke,baseline,20260609,0,29114,60,1,16024,128,128,0.01,1e-06,0.59545898,1,,env,part-c0-unmanaged-baseline
1,part-c0-baseline-smoke,baseline,20260609,0,29291,61,1,13761,128,128,0.01,1e-06,0.56396484,1,,env,part-c0-unmanaged-baseline
1,part-c0-baseline-smoke,baseline,20260609,0,29538,62,1,15193,128,128,0.01,1e-06,0.44500732,1,,env,part-c0-unmanaged-baseline
1,part-c0-baseline-smoke,baseline,20260609,0,29746,63,1,13513,128,128,0.01,1e-06,0.53149414,1,,env,part-c0-unmanaged-baseline
1,part-c0-baseline-smoke,baseline,20260609,0,30218,64,1,16209,128,128,0.01,1e-06,0.54187012,1,,env,part-c0-unmanaged-baseline
1,part-c0-baseline-smoke,baseline,20260609,0,30453,65,1,14552,128,128,0.01,1e-06,0.59613037,1,,env,part-c0-unmanaged-baseline
1,part-c0-baseline-smoke,baseline,20260609,0,30598,66,1,13222,128,128,0.01,1e-06,0.51104736,1,,env,part-c0-unmanaged-baseline
1,part-c0-baseline-smoke,baseline,20260609,0,30998,67,1,16022,128,128,0.01,1e-06,0.55187988,1,,env,part-c0-unmanaged-baseline
1,part-c0-baseline-smoke,baseline,20260609,0,31196,68,1,14369,128,128,0.01,1e-06,0.45965576,1,,env,part-c0-unmanaged-baseline
1,part-c0-baseline-smoke,baseline,20260609,0,31450,69,1,14140,128,128,0.01,1e-06,0.62481689,1,,env,part-c0-unmanaged-baseline
1,part-c0-baseline-smoke,baseline,20260609,0,31708,70,1,15201,128,128,0.01,1e-06,0.56591797,1,,env,part-c0-unmanaged-baseline
1,part-c0-baseline-smoke,baseline,20260609,0,31933,71,1,14552,128,128,0.01,1e-06,0.59454346,1,,env,part-c0-unmanaged-baseline
1,part-c0-baseline-smoke,baseline,20260609,0,32101,72,1,13525,128,128,0.01,1e-06,0.56646729,1,,env,part-c0-unmanaged-baseline
1,part-c0-baseline-smoke,baseline,20260609,0,32366,73,1,14944,128,128,0.01,1e-06,0.64318848,1,,env,part-c0-unmanaged-baseline
1,part-c0-baseline-smoke,baseline,20260609,0,32605,74,1,15385,128,128,0.01,1e-06,0.45104980,1,,env,part-c0-unmanaged-baseline
1,part-c0-baseline-smoke,baseline,20260609,0,33611,75,1,16384,128,128,0.01,1e-06,0.51544189,1,,env,part-c0-unmanaged-baseline
1,part-c0-baseline-smoke,baseline,20260609,0,33962,76,1,15910,128,128,0.01,1e-06,0.50756836,1,,env,part-c0-unmanaged-baseline
1,part-c0-baseline-smoke,baseline,20260609,0,34175,77,1,14222,128,128,0.01,1e-06,0.47863770,1,,env,part-c0-unmanaged-baseline
1,part-c0-baseline-smoke,baseline,20260609,0,34377,78,1,13440,128,128,0.01,1e-06,0.58959961,1,,env,part-c0-unmanaged-baseline
1,part-c0-baseline-smoke,baseline,20260609,0,34676,79,1,15415,128,128,0.01,1e-06,0.58789062,1,,env,part-c0-unmanaged-baseline
1,part-c0-baseline-smoke,baseline,20260609,0,34935,80,1,15400,128,128,0.01,1e-06,0.45855713,1,,env,part-c0-unmanaged-baseline
1,part-c0-baseline-smoke,baseline,20260609,0,35203,81,1,14525,128,128,0.01,1e-06,0.63616943,1,,env,part-c0-unmanaged-baseline
1,part-c0-baseline-smoke,baseline,20260609,0,35447,82,1,15121,128,128,0.01,1e-06,0.52050781,1,,env,part-c0-unmanaged-baseline
1,part-c0-baseline-smoke,baseline,20260609,0,35738,83,1,15447,128,128,0.01,1e-06,0.48773193,1,,env,part-c0-unmanaged-baseline
1,part-c0-baseline-smoke,baseline,20260609,0,35937,84,1,14245,128,128,0.01,1e-06,0.42376709,1,,env,part-c0-unmanaged-baseline
1,part-c0-baseline-smoke,baseline,20260609,0,36241,85,1,15349,128,128,0.01,1e-06,0.52575684,1,,env,part-c0-unmanaged-baseline
1,part-c0-baseline-smoke,baseline,20260609,0,36759,86,1,16266,128,128,0.01,1e-06,0.61383057,1,,env,part-c0-unmanaged-baseline
1,part-c0-baseline-smoke,baseline,20260609,0,36963,87,1,14441,128,128,0.01,1e-06,0.59686279,1,,env,part-c0-unmanaged-baseline
1,part-c0-baseline-smoke,baseline,20260609,0,37204,88,1,15093,128,128,0.01,1e-06,0.51110840,1,,env,part-c0-unmanaged-baseline
1,part-c0-baseline-smoke,baseline,20260609,0,37524,89,1,15383,128,128,0.01,1e-06,0.62542725,1,,env,part-c0-unmanaged-baseline
1,part-c0-baseline-smoke,baseline,20260609,0,37947,90,1,16086,128,128,0.01,1e-06,0.64227295,1,,env,part-c0-unmanaged-baseline
1,part-c0-baseline-smoke,baseline,20260609,0,38212,91,1,15527,128,128,0.01,1e-06,0.49627686,1,,env,part-c0-unmanaged-baseline
1,part-c0-baseline-smoke,baseline,20260609,0,38232,92,1,8,128,128,0.01,1e-06,0.58587646,1,,env,part-c0-unmanaged-baseline
1,part-c0-baseline-smoke,baseline,20260609,0,38532,93,1,15107,128,128,0.01,1e-06,0.66253662,1,,env,part-c0-unmanaged-baseline
1,part-c0-baseline-smoke,baseline,20260609,0,38758,94,1,15169,128,128,0.01,1e-06,0.45959473,1,,env,part-c0-unmanaged-baseline
1,part-c0-baseline-smoke,baseline,20260609,0,39072,95,1,14970,128,128,0.01,1e-06,0.66796875,1,,env,part-c0-unmanaged-baseline
1,part-c0-baseline-smoke,baseline,20260609,0,39273,96,1,15147,128,128,0.01,1e-06,0.42590332,1,,env,part-c0-unmanaged-baseline
1,part-c0-baseline-smoke,baseline,20260609,0,39806,97,1,16241,128,128,0.01,1e-06,0.65368652,1,,env,part-c0-unmanaged-baseline
1,part-c0-baseline-smoke,baseline,20260609,0,39994,98,1,13928,128,128,0.01,1e-06,0.60925293,1,,env,part-c0-unmanaged-baseline
1,part-c0-baseline-smoke,baseline,20260609,0,40225,99,1,14961,128,128,0.01,1e-06,0.56182861,1,,env,part-c0-unmanaged-baseline
1,part-c0-baseline-smoke,baseline,20260609,0,40633,100,1,16047,128,128,0.01,1e-06,0.58575439,1,,env,part-c0-unmanaged-baseline
1,part-c0-baseline-smoke,baseline,20260609,0,40826,101,1,14204,128,128,0.01,1e-06,0.56683350,1,,env,part-c0-unmanaged-baseline
1,part-c0-baseline-smoke,baseline,20260609,0,41245,102,1,16071,128,128,0.01,1e-06,0.61425781,1,,env,part-c0-unmanaged-baseline
1,part-c0-baseline-smoke,baseline,20260609,0,41460,103,1,14951,128,128,0.01,1e-06,0.50012207,1,,env,part-c0-unmanaged-baseline
1,part-c0-baseline-smoke,baseline,20260609,0,41824,104,1,15892,128,128,0.01,1e-06,0.56195068,1,,env,part-c0-unmanaged-baseline
1,part-c0-baseline-smoke,baseline,20260609,0,42209,105,1,16005,128,128,0.01,1e-06,0.55444336,1,,env,part-c0-unmanaged-baseline
1,part-c0-baseline-smoke,baseline,20260609,0,42536,106,1,15823,128,128,0.01,1e-06,0.46429443,1,,env,part-c0-unmanaged-baseline
1,part-c0-baseline-smoke,baseline,20260609,0,42764,107,1,14026,128,128,0.01,1e-06,0.56237793,1,,env,part-c0-unmanaged-baseline
1,part-c0-baseline-smoke,baseline,20260609,0,43069,108,1,15533,128,128,0.01,1e-06,0.57678223,1,,env,part-c0-unmanaged-baseline
1,part-c0-baseline-smoke,baseline,20260609,0,43279,109,1,14526,128,128,0.01,1e-06,0.54461670,1,,env,part-c0-unmanaged-baseline
1,part-c0-baseline-smoke,baseline,20260609,0,43472,110,1,13361,128,128,0.01,1e-06,0.60131836,1,,env,part-c0-unmanaged-baseline
1,part-c0-baseline-smoke,baseline,20260609,0,43657,111,1,14010,128,128,0.01,1e-06,0.50225830,1,,env,part-c0-unmanaged-baseline
1,part-c0-baseline-smoke,baseline,20260609,0,43688,112,1,12,128,128,0.01,1e-06,0.63391113,1,,env,part-c0-unmanaged-baseline
1,part-c0-baseline-smoke,baseline,20260609,0,44293,113,1,16346,128,128,0.01,1e-06,0.66271973,1,,env,part-c0-unmanaged-baseline
1,part-c0-baseline-smoke,baseline,20260609,0,44504,114,1,14766,128,128,0.01,1e-06,0.60186768,1,,env,part-c0-unmanaged-baseline
1,part-c0-baseline-smoke,baseline,20260609,0,44800,115,1,15393,128,128,0.01,1e-06,0.64874268,1,,env,part-c0-unmanaged-baseline
1,part-c0-baseline-smoke,baseline,20260609,0,45011,116,1,14633,128,128,0.01,1e-06,0.54693604,1,,env,part-c0-unmanaged-baseline
1,part-c0-baseline-smoke,baseline,20260609,0,45192,117,1,13915,128,128,0.01,1e-06,0.48773193,1,,env,part-c0-unmanaged-baseline
1,part-c0-baseline-smoke,baseline,20260609,0,45852,118,1,16354,128,128,0.01,1e-06,0.54174805,1,,env,part-c0-unmanaged-baseline
1,part-c0-baseline-smoke,baseline,20260609,0,46284,119,1,16133,128,128,0.01,1e-06,0.47521973,1,,env,part-c0-unmanaged-baseline
1,part-c0-baseline-smoke,baseline,20260609,0,46891,120,1,16316,128,128,0.01,1e-06,0.61676025,1,,env,part-c0-unmanaged-baseline
1,part-c0-baseline-smoke,baseline,20260609,0,47114,121,1,14483,128,128,0.01,1e-06,0.64776611,1,,env,part-c0-unmanaged-baseline
1,part-c0-baseline-smoke,baseline,20260609,0,47284,122,1,14434,128,128,0.01,1e-06,0.46374512,1,,env,part-c0-unmanaged-baseline
1,part-c0-baseline-smoke,baseline,20260609,0,47589,123,1,15498,128,128,0.01,1e-06,0.51794434,1,,env,part-c0-unmanaged-baseline
1,part-c0-baseline-smoke,baseline,20260609,0,48418,124,1,16380,128,128,0.01,1e-06,0.50463867,1,,env,part-c0-unmanaged-baseline
1,part-c0-baseline-smoke,baseline,20260609,0,48701,125,1,15299,128,128,0.01,1e-06,0.51367188,1,,env,part-c0-unmanaged-baseline
1,part-c0-baseline-smoke,baseline,20260609,0,48949,126,1,14711,128,128,0.01,1e-06,0.58465576,1,,env,part-c0-unmanaged-baseline
1,part-c0-baseline-smoke,baseline,20260609,0,49208,127,1,15294,128,128,0.01,1e-06,0.53570557,1,,env,part-c0-unmanaged-baseline
1,part-c0-baseline-smoke,baseline,20260609,0,49585,128,1,15933,128,128,0.01,1e-06,0.52001953,1,,env,part-c0-unmanaged-baseline
1,part-c0-baseline-smoke,baseline,20260609,0,49843,129,1,14971,128,128,0.01,1e-06,0.53637695,1,,env,part-c0-unmanaged-baseline
1,part-c0-baseline-smoke,baseline,20260609,0,50049,130,1,14291,128,128,0.01,1e-06,0.52471924,1,,env,part-c0-unmanaged-baseline
1,part-c0-baseline-smoke,baseline,20260609,0,51788,131,1,16384,128,128,0.01,1e-06,0.55328369,1,,env,part-c0-unmanaged-baseline
1,part-c0-baseline-smoke,baseline,20260609,0,52163,132,1,15896,128,128,0.01,1e-06,0.56237793,1,,env,part-c0-unmanaged-baseline
1,part-c0-baseline-smoke,baseline,20260609,0,52407,133,1,14452,128,128,0.01,1e-06,0.63378906,1,,env,part-c0-unmanaged-baseline
1,part-c0-baseline-smoke,baseline,20260609,0,52753,134,1,15930,128,128,0.01,1e-06,0.58050537,1,,env,part-c0-unmanaged-baseline
1,part-c0-baseline-smoke,baseline,20260609,0,52952,135,1,13636,128,128,0.01,1e-06,0.61077881,1,,env,part-c0-unmanaged-baseline
1,part-c0-baseline-smoke,baseline,20260609,0,53152,136,1,14316,128,128,0.01,1e-06,0.57788086,1,,env,part-c0-unmanaged-baseline
1,part-c0-baseline-smoke,baseline,20260609,0,53389,137,1,15092,128,128,0.01,1e-06,0.49713135,1,,env,part-c0-unmanaged-baseline
1,part-c0-baseline-smoke,baseline,20260609,0,53637,138,1,14792,128,128,0.01,1e-06,0.52465820,1,,env,part-c0-unmanaged-baseline
1,part-c0-baseline-smoke,baseline,20260609,0,54054,139,1,16087,128,128,0.01,1e-06,0.61895752,1,,env,part-c0-unmanaged-baseline
1,part-c0-baseline-smoke,baseline,20260609,0,54338,140,1,15583,128,128,0.01,1e-06,0.55267334,1,,env,part-c0-unmanaged-baseline
1,part-c0-baseline-smoke,baseline,20260609,0,54582,141,1,15029,128,128,0.01,1e-06,0.52661133,1,,env,part-c0-unmanaged-baseline
1,part-c0-baseline-smoke,baseline,20260609,0,54829,142,1,14708,128,128,0.01,1e-06,0.53283691,1,,env,part-c0-unmanaged-baseline
1,part-c0-baseline-smoke,baseline,20260609,0,55147,143,1,15665,128,128,0.01,1e-06,0.51745605,1,,env,part-c0-unmanaged-baseline
1,part-c0-baseline-smoke,baseline,20260609,0,55385,144,1,14981,128,128,0.01,1e-06,0.51226807,1,,env,part-c0-unmanaged-baseline
1,part-c0-baseline-smoke,baseline,20260609,0,55607,145,1,14209,128,128,0.01,1e-06,0.57537842,1,,env,part-c0-unmanaged-baseline
1,part-c0-baseline-smoke,baseline,20260609,0,55798,146,1,14028,128,128,0.01,1e-06,0.56604004,1,,env,part-c0-unmanaged-baseline
1,part-c0-baseline-smoke,baseline,20260609,0,56272,147,1,16250,128,128,0.01,1e-06,0.49761963,1,,env,part-c0-unmanaged-baseline
1,part-c0-baseline-smoke,baseline,20260609,0,56465,148,1,13611,128,128,0.01,1e-06,0.52514648,1,,env,part-c0-unmanaged-baseline
1,part-c0-baseline-smoke,baseline,20260609,0,56736,149,1,14726,128,128,0.01,1e-06,0.63238525,1,,env,part-c0-unmanaged-baseline
1,part-c0-baseline-smoke,baseline,20260609,0,57098,150,1,15635,128,128,0.01,1e-06,0.67797852,1,,env,part-c0-unmanaged-baseline
1,part-c0-baseline-smoke,baseline,20260609,0,57704,151,1,16326,128,128,0.01,1e-06,0.59381104,1,,env,part-c0-unmanaged-baseline
1,part-c0-baseline-smoke,baseline,20260609,0,57874,152,1,13722,128,128,0.01,1e-06,0.52624512,1,,env,part-c0-unmanaged-baseline
1,part-c0-baseline-smoke,baseline,20260609,0,58753,153,1,16381,128,128,0.01,1e-06,0.57629395,1,,env,part-c0-unmanaged-baseline
1,part-c0-baseline-smoke,baseline,20260609,0,58765,154,1,1,128,128,0.01,1e-06,0.62481689,1,,env,part-c0-unmanaged-baseline
1,part-c0-baseline-smoke,baseline,20260609,0,59260,155,1,16258,128,128,0.01,1e-06,0.58337402,1,,env,part-c0-unmanaged-baseline
1,part-c0-baseline-smoke,baseline,20260609,0,59478,156,1,13972,128,128,0.01,1e-06,0.64105225,1,,env,part-c0-unmanaged-baseline
1,part-c0-baseline-smoke,baseline,20260609,0,60750,157,1,16384,128,128,0.01,1e-06,0.55505371,1,,env,part-c0-unmanaged-baseline
1,part-c0-baseline-smoke,baseline,20260609,0,61011,158,1,14795,128,128,0.01,1e-06,0.59777832,1,,env,part-c0-unmanaged-baseline
1,part-c0-baseline-smoke,baseline,20260609,0,61369,159,1,15958,128,128,0.01,1e-06,0.54986572,1,,env,part-c0-unmanaged-baseline
1,part-c0-baseline-smoke,baseline,20260609,0,61712,160,1,15841,128,128,0.01,1e-06,0.55151367,1,,env,part-c0-unmanaged-baseline
1,part-c0-baseline-smoke,baseline,20260609,0,61882,161,1,13644,128,128,0.01,1e-06,0.49560547,1,,env,part-c0-unmanaged-baseline
1,part-c0-baseline-smoke,baseline,20260609,0,62226,162,1,15747,128,128,0.01,1e-06,0.51922607,1,,env,part-c0-unmanaged-baseline
1,part-c0-baseline-smoke,baseline,20260609,0,62415,163,1,13730,128,128,0.01,1e-06,0.51910400,1,,env,part-c0-unmanaged-baseline
1,part-c0-baseline-smoke,baseline,20260609,0,62638,164,1,13841,128,128,0.01,1e-06,0.65417480,1,,env,part-c0-unmanaged-baseline
1,part-c0-baseline-smoke,baseline,20260609,0,62801,165,1,14317,128,128,0.01,1e-06,0.44848633,1,,env,part-c0-unmanaged-baseline
1,part-c0-baseline-smoke,baseline,20260609,0,63168,166,1,15697,128,128,0.01,1e-06,0.61407471,1,,env,part-c0-unmanaged-baseline
1,part-c0-baseline-smoke,baseline,20260609,0,63620,167,1,16118,128,128,0.01,1e-06,0.64257812,1,,env,part-c0-unmanaged-baseline
1,part-c0-baseline-smoke,baseline,20260609,0,64080,168,1,16267,128,128,0.01,1e-06,0.52142334,1,,env,part-c0-unmanaged-baseline
1,part-c0-baseline-smoke,baseline,20260609,0,65031,169,1,16379,128,128,0.01,1e-06,0.54772949,1,,env,part-c0-unmanaged-baseline
1,part-c0-baseline-smoke,baseline,20260609,0,65222,170,1,13517,128,128,0.01,1e-06,0.59448242,1,,env,part-c0-unmanaged-baseline
1,part-c0-baseline-smoke,baseline,20260609,0,65647,171,1,16145,128,128,0.01,1e-06,0.56964111,1,,env,part-c0-unmanaged-baseline
1,part-c0-baseline-smoke,baseline,20260609,0,66114,172,1,16232,128,128,0.01,1e-06,0.57464600,1,,env,part-c0-unmanaged-baseline
1,part-c0-baseline-smoke,baseline,20260609,0,66293,173,1,14172,128,128,0.01,1e-06,0.48596191,1,,env,part-c0-unmanaged-baseline
1,part-c0-baseline-smoke,baseline,20260609,0,66454,174,1,12739,128,128,0.01,1e-06,0.52960205,1,,env,part-c0-unmanaged-baseline
1,part-c0-baseline-smoke,baseline,20260609,0,66749,175,1,15475,128,128,0.01,1e-06,0.49261475,1,,env,part-c0-unmanaged-baseline
1,part-c0-baseline-smoke,baseline,20260609,0,67580,176,1,16377,128,128,0.01,1e-06,0.51666260,1,,env,part-c0-unmanaged-baseline
1,part-c0-baseline-smoke,baseline,20260609,0,67859,177,1,14821,128,128,0.01,1e-06,0.65319824,1,,env,part-c0-unmanaged-baseline
1,part-c0-baseline-smoke,baseline,20260609,0,68125,178,1,15258,128,128,0.01,1e-06,0.66094971,1,,env,part-c0-unmanaged-baseline
1,part-c0-baseline-smoke,baseline,20260609,0,68297,179,1,14238,128,128,0.01,1e-06,0.51275635,1,,env,part-c0-unmanaged-baseline
1,part-c0-baseline-smoke,baseline,20260609,0,68596,180,1,15070,128,128,0.01,1e-06,0.61840820,1,,env,part-c0-unmanaged-baseline
1,part-c0-baseline-smoke,baseline,20260609,0,68735,181,1,13202,128,128,0.01,1e-06,0.46282959,1,,env,part-c0-unmanaged-baseline
1,part-c0-baseline-smoke,baseline,20260609,0,69042,182,1,14820,128,128,0.01,1e-06,0.65875244,1,,env,part-c0-unmanaged-baseline
1,part-c0-baseline-smoke,baseline,20260609,0,69260,183,1,14326,128,128,0.01,1e-06,0.59490967,1,,env,part-c0-unmanaged-baseline
1,part-c0-baseline-smoke,baseline,20260609,0,69580,184,1,15877,128,128,0.01,1e-06,0.46917725,1,,env,part-c0-unmanaged-baseline
1,part-c0-baseline-smoke,baseline,20260609,0,69800,185,1,14345,128,128,0.01,1e-06,0.48779297,1,,env,part-c0-unmanaged-baseline
1,part-c0-baseline-smoke,baseline,20260609,0,70274,186,1,16218,128,128,0.01,1e-06,0.52691650,1,,env,part-c0-unmanaged-baseline
1,part-c0-baseline-smoke,baseline,20260609,0,70496,187,1,14685,128,128,0.01,1e-06,0.49713135,1,,env,part-c0-unmanaged-baseline
1,part-c0-baseline-smoke,baseline,20260609,0,70778,188,1,15229,128,128,0.01,1e-06,0.54162598,1,,env,part-c0-unmanaged-baseline
1,part-c0-baseline-smoke,baseline,20260609,0,71084,189,1,15206,128,128,0.01,1e-06,0.62438965,1,,env,part-c0-unmanaged-baseline
1,part-c0-baseline-smoke,baseline,20260609,0,71473,190,1,15903,128,128,0.01,1e-06,0.64654541,1,,env,part-c0-unmanaged-baseline
1,part-c0-baseline-smoke,baseline,20260609,0,71688,191,1,14850,128,128,0.01,1e-06,0.53204346,1,,env,part-c0-unmanaged-baseline
1,part-c0-baseline-smoke,baseline,20260609,0,71942,192,1,14864,128,128,0.01,1e-06,0.53375244,1,,env,part-c0-unmanaged-baseline
1,part-c0-baseline-smoke,baseline,20260609,0,72159,193,1,14371,128,128,0.01,1e-06,0.57312012,1,,env,part-c0-unmanaged-baseline
1,part-c0-baseline-smoke,baseline,20260609,0,72912,194,1,16373,128,128,0.01,1e-06,0.57073975,1,,env,part-c0-unmanaged-baseline
1,part-c0-baseline-smoke,baseline,20260609,0,73625,195,1,16368,128,128,0.01,1e-06,0.55657959,1,,env,part-c0-unmanaged-baseline
1,part-c0-baseline-smoke,baseline,20260609,0,73911,196,1,15158,128,128,0.01,1e-06,0.62115479,1,,env,part-c0-unmanaged-baseline
1,part-c0-baseline-smoke,baseline,20260609,0,74327,197,1,16177,128,128,0.01,1e-06,0.49114990,1,,env,part-c0-unmanaged-baseline
1,part-c0-baseline-smoke,baseline,20260609,0,74634,198,1,14813,128,128,0.01,1e-06,0.66638184,1,,env,part-c0-unmanaged-baseline
1,part-c0-baseline-smoke,baseline,20260609,0,74810,199,1,14146,128,128,0.01,1e-06,0.59484863,1,,env,part-c0-unmanaged-baseline
1,part-c0-baseline-smoke,baseline,20260609,0,75100,200,1,15259,128,128,0.01,1e-06,0.63507080,1,,env,part-c0-unmanaged-baseline
1,part-c0-baseline-smoke,baseline,20260609,0,75367,201,1,15140,128,128,0.01,1e-06,0.60217285,1,,env,part-c0-unmanaged-baseline
1,part-c0-baseline-smoke,baseline,20260609,0,75380,202,1,9,128,128,0.01,1e-06,0.64923096,1,,env,part-c0-unmanaged-baseline
1,part-c0-baseline-smoke,baseline,20260609,0,75583,203,1,14579,128,128,0.01,1e-06,0.58312988,1,,env,part-c0-unmanaged-baseline
1,part-c0-baseline-smoke,baseline,20260609,0,75926,204,1,15833,128,128,0.01,1e-06,0.58758545,1,,env,part-c0-unmanaged-baseline
1,part-c0-baseline-smoke,baseline,20260609,0,76385,205,1,16218,128,128,0.01,1e-06,0.57897949,1,,env,part-c0-unmanaged-baseline
1,part-c0-baseline-smoke,baseline,20260609,0,76615,206,1,14277,128,128,0.01,1e-06,0.65856934,1,,env,part-c0-unmanaged-baseline
1,part-c0-baseline-smoke,baseline,20260609,0,76775,207,1,13539,128,128,0.01,1e-06,0.54736328,1,,env,part-c0-unmanaged-baseline
1,part-c0-baseline-smoke,baseline,20260609,0,77054,208,1,15194,128,128,0.01,1e-06,0.57128906,1,,env,part-c0-unmanaged-baseline
1,part-c0-baseline-smoke,baseline,20260609,0,77310,209,1,14722,128,128,0.01,1e-06,0.65301514,1,,env,part-c0-unmanaged-baseline
1,part-c0-baseline-smoke,baseline,20260609,0,77652,210,1,16030,128,128,0.01,1e-06,0.46466064,1,,env,part-c0-unmanaged-baseline
1,part-c0-baseline-smoke,baseline,20260609,0,77965,211,1,15461,128,128,0.01,1e-06,0.54272461,1,,env,part-c0-unmanaged-baseline
1,part-c0-baseline-smoke,baseline,20260609,0,78426,212,1,16164,128,128,0.01,1e-06,0.64685059,1,,env,part-c0-unmanaged-baseline
1,part-c0-baseline-smoke,baseline,20260609,0,78753,213,1,15819,128,128,0.01,1e-06,0.59997559,1,,env,part-c0-unmanaged-baseline
1,part-c0-baseline-smoke,baseline,20260609,0,78942,214,1,14222,128,128,0.01,1e-06,0.52313232,1,,env,part-c0-unmanaged-baseline
1,part-c0-baseline-smoke,baseline,20260609,0,78956,215,1,3,128,128,0.01,1e-06,0.58508301,1,,env,part-c0-unmanaged-baseline
1,part-c0-baseline-smoke,baseline,20260609,0,79199,216,1,14253,128,128,0.01,1e-06,0.65551758,1,,env,part-c0-unmanaged-baseline
1,part-c0-baseline-smoke,baseline,20260609,0,79398,217,1,14731,128,128,0.01,1e-06,0.48498535,1,,env,part-c0-unmanaged-baseline
1,part-c0-baseline-smoke,baseline,20260609,0,79695,218,1,15342,128,128,0.01,1e-06,0.53283691,1,,env,part-c0-unmanaged-baseline
1,part-c0-baseline-smoke,baseline,20260609,0,79884,219,1,14157,128,128,0.01,1e-06,0.47558594,1,,env,part-c0-unmanaged-baseline
1,part-c0-baseline-smoke,baseline,20260609,0,79944,220,1,6,128,128,0.01,1e-06,0.71478271,1,,env,part-c0-unmanaged-baseline
1,part-c0-baseline-smoke,baseline,20260609,0,80238,221,1,15684,128,128,0.01,1e-06,0.60955811,1,,env,part-c0-unmanaged-baseline
1,part-c0-baseline-smoke,baseline,20260609,0,80473,222,1,14970,128,128,0.01,1e-06,0.54565430,1,,env,part-c0-unmanaged-baseline
1,part-c0-baseline-smoke,baseline,20260609,0,80883,223,1,15920,128,128,0.01,1e-06,0.66900635,1,,env,part-c0-unmanaged-baseline
1,part-c0-baseline-smoke,baseline,20260609,0,81183,224,1,15737,128,128,0.01,1e-06,0.49963379,1,,env,part-c0-unmanaged-baseline
1,part-c0-baseline-smoke,baseline,20260609,0,81376,225,1,13586,128,128,0.01,1e-06,0.53271484,1,,env,part-c0-unmanaged-baseline
1,part-c0-baseline-smoke,baseline,20260609,0,81678,226,1,15566,128,128,0.01,1e-06,0.50073242,1,,env,part-c0-unmanaged-baseline
1,part-c0-baseline-smoke,baseline,20260609,0,81895,227,1,13973,128,128,0.01,1e-06,0.59912109,1,,env,part-c0-unmanaged-baseline
1,part-c0-baseline-smoke,baseline,20260609,0,82123,228,1,14445,128,128,0.01,1e-06,0.62200928,1,,env,part-c0-unmanaged-baseline
1,part-c0-baseline-smoke,baseline,20260609,0,82347,229,1,14650,128,128,0.01,1e-06,0.60583496,1,,env,part-c0-unmanaged-baseline
1,part-c0-baseline-smoke,baseline,20260609,0,82633,230,1,15728,128,128,0.01,1e-06,0.43066406,1,,env,part-c0-unmanaged-baseline
1,part-c0-baseline-smoke,baseline,20260609,0,82905,231,1,14776,128,128,0.01,1e-06,0.59289551,1,,env,part-c0-unmanaged-baseline
1,part-c0-baseline-smoke,baseline,20260609,0,83426,232,1,16308,128,128,0.01,1e-06,0.55590820,1,,env,part-c0-unmanaged-baseline
1,part-c0-baseline-smoke,baseline,20260609,0,83658,233,1,14371,128,128,0.01,1e-06,0.61828613,1,,env,part-c0-unmanaged-baseline
1,part-c0-baseline-smoke,baseline,20260609,0,84017,234,1,16113,128,128,0.01,1e-06,0.41357422,1,,env,part-c0-unmanaged-baseline
1,part-c0-baseline-smoke,baseline,20260609,0,84403,235,1,15885,128,128,0.01,1e-06,0.55712891,1,,env,part-c0-unmanaged-baseline
1,part-c0-baseline-smoke,baseline,20260609,0,84851,236,1,16183,128,128,0.01,1e-06,0.58203125,1,,env,part-c0-unmanaged-baseline
1,part-c0-baseline-smoke,baseline,20260609,0,85020,237,1,13447,128,128,0.01,1e-06,0.56127930,1,,env,part-c0-unmanaged-baseline
1,part-c0-baseline-smoke,baseline,20260609,0,85167,238,1,13144,128,128,0.01,1e-06,0.46752930,1,,env,part-c0-unmanaged-baseline
1,part-c0-baseline-smoke,baseline,20260609,0,85391,239,1,13889,128,128,0.01,1e-06,0.60742188,1,,env,part-c0-unmanaged-baseline
1,part-c0-baseline-smoke,baseline,20260609,0,85591,240,1,14775,128,128,0.01,1e-06,0.44317627,1,,env,part-c0-unmanaged-baseline
1,part-c0-baseline-smoke,baseline,20260609,0,85789,241,1,13161,128,128,0.01,1e-06,0.58270264,1,,env,part-c0-unmanaged-baseline
1,part-c0-baseline-smoke,baseline,20260609,0,87101,242,1,16384,128,128,0.01,1e-06,0.60955811,1,,env,part-c0-unmanaged-baseline
1,part-c0-baseline-smoke,baseline,20260609,0,87525,243,1,16134,128,128,0.01,1e-06,0.57250977,1,,env,part-c0-unmanaged-baseline
1,part-c0-baseline-smoke,baseline,20260609,0,87910,244,1,15732,128,128,0.01,1e-06,0.66961670,1,,env,part-c0-unmanaged-baseline
1,part-c0-baseline-smoke,baseline,20260609,0,88144,245,1,14648,128,128,0.01,1e-06,0.64440918,1,,env,part-c0-unmanaged-baseline
1,part-c0-baseline-smoke,baseline,20260609,0,88466,246,1,15896,128,128,0.01,1e-06,0.46740723,1,,env,part-c0-unmanaged-baseline
1,part-c0-baseline-smoke,baseline,20260609,0,88717,247,1,14870,128,128,0.01,1e-06,0.52819824,1,,env,part-c0-unmanaged-baseline
1,part-c0-baseline-smoke,baseline,20260609,0,89184,248,1,16160,128,128,0.01,1e-06,0.63629150,1,,env,part-c0-unmanaged-baseline
1,part-c0-baseline-smoke,baseline,20260609,0,89655,249,1,16217,128,128,0.01,1e-06,0.55731201,1,,env,part-c0-unmanaged-baseline
1,part-c0-baseline-smoke,baseline,20260609,0,90403,250,1,16378,128,128,0.01,1e-06,0.54650879,1,,env,part-c0-unmanaged-baseline
1,part-c0-baseline-smoke,baseline,20260609,0,90705,251,1,15606,128,128,0.01,1e-06,0.54150391,1,,env,part-c0-unmanaged-baseline
1,part-c0-baseline-smoke,baseline,20260609,0,90734,252,1,3,128,128,0.01,1e-06,0.65631104,1,,env,part-c0-unmanaged-baseline
1,part-c0-baseline-smoke,baseline,20260609,0,91202,253,1,16236,128,128,0.01,1e-06,0.58721924,1,,env,part-c0-unmanaged-baseline
1,part-c0-baseline-smoke,baseline,20260609,0,91411,254,1,14829,128,128,0.01,1e-06,0.43231201,1,,env,part-c0-unmanaged-baseline
1,part-c0-baseline-smoke,baseline,20260609,0,91649,255,1,13641,128,128,0.01,1e-06,0.62109375,1,,env,part-c0-unmanaged-baseline
1,part-c0-baseline-smoke,baseline,20260609,0,91952,256,1,15769,128,128,0.01,1e-06,0.49475098,1,,env,part-c0-unmanaged-baseline
1,part-c0-baseline-smoke,baseline,20260609,0,92171,257,1,13678,128,128,0.01,1e-06,0.61151123,1,,env,part-c0-unmanaged-baseline
1,part-c0-baseline-smoke,baseline,20260609,0,92286,258,1,57,128,128,0.01,1e-06,0.87457275,1,,env,part-c0-unmanaged-baseline
1,part-c0-baseline-smoke,baseline,20260609,0,94444,259,1,16384,128,128,0.01,1e-06,0.63775635,1,,env,part-c0-unmanaged-baseline
1,part-c0-baseline-smoke,baseline,20260609,0,94747,260,1,15799,128,128,0.01,1e-06,0.44854736,1,,env,part-c0-unmanaged-baseline
1,part-c0-baseline-smoke,baseline,20260609,0,95037,261,1,14907,128,128,0.01,1e-06,0.58264160,1,,env,part-c0-unmanaged-baseline
1,part-c0-baseline-smoke,baseline,20260609,0,95445,262,1,16189,128,128,0.01,1e-06,0.49609375,1,,env,part-c0-unmanaged-baseline
1,part-c0-baseline-smoke,baseline,20260609,0,95821,263,1,15826,128,128,0.01,1e-06,0.62304688,1,,env,part-c0-unmanaged-baseline
1,part-c0-baseline-smoke,baseline,20260609,0,96202,264,1,16050,128,128,0.01,1e-06,0.56640625,1,,env,part-c0-unmanaged-baseline
1,part-c0-baseline-smoke,baseline,20260609,0,96416,265,1,14505,128,128,0.01,1e-06,0.53546143,1,,env,part-c0-unmanaged-baseline
1,part-c0-baseline-smoke,baseline,20260609,0,96572,266,1,13447,128,128,0.01,1e-06,0.45751953,1,,env,part-c0-unmanaged-baseline
1,part-c0-baseline-smoke,baseline,20260609,0,96799,267,1,14722,128,128,0.01,1e-06,0.44726562,1,,env,part-c0-unmanaged-baseline
1,part-c0-baseline-smoke,baseline,20260609,0,97061,268,1,14864,128,128,0.01,1e-06,0.54339600,1,,env,part-c0-unmanaged-baseline
1,part-c0-baseline-smoke,baseline,20260609,0,97278,269,1,14872,128,128,0.01,1e-06,0.43957520,1,,env,part-c0-unmanaged-baseline
1,part-c0-baseline-smoke,baseline,20260609,0,97594,270,1,15614,128,128,0.01,1e-06,0.49658203,1,,env,part-c0-unmanaged-baseline
1,part-c0-baseline-smoke,baseline,20260609,0,97910,271,1,15023,128,128,0.01,1e-06,0.65869141,1,,env,part-c0-unmanaged-baseline
1,part-c0-baseline-smoke,baseline,20260609,0,98212,272,1,15906,128,128,0.01,1e-06,0.44958496,1,,env,part-c0-unmanaged-baseline
1,part-c0-baseline-smoke,baseline,20260609,0,98438,273,1,14264,128,128,0.01,1e-06,0.52520752,1,,env,part-c0-unmanaged-baseline
1,part-c0-baseline-smoke,baseline,20260609,0,98673,274,1,14701,128,128,0.01,1e-06,0.55859375,1,,env,part-c0-unmanaged-baseline
1,part-c0-baseline-smoke,baseline,20260609,0,98825,275,1,13249,128,128,0.01,1e-06,0.49420166,2,,env,part-c0-unmanaged-baseline
1,part-c0-baseline-smoke,baseline,20260609,0,98825,275,2,1,128,128,0.01,1e-06,0.49420166,2,,env,part-c0-unmanaged-baseline
1,part-c0-baseline-smoke,baseline,20260609,0,98850,276,1,19,128,128,0.01,1e-06,0.60528564,1,,env,part-c0-unmanaged-baseline
1,part-c0-baseline-smoke,baseline,20260609,0,99031,277,1,13946,128,128,0.01,1e-06,0.54449463,1,,env,part-c0-unmanaged-baseline
1,part-c0-baseline-smoke,baseline,20260609,0,99318,278,1,14794,128,128,0.01,1e-06,0.65844727,1,,env,part-c0-unmanaged-baseline
1,part-c0-baseline-smoke,baseline,20260609,0,99493,279,1,14138,128,128,0.01,1e-06,0.53649902,1,,env,part-c0-unmanaged-baseline
1,part-c0-baseline-smoke,baseline,20260609,0,99725,280,1,14911,128,128,0.01,1e-06,0.49481201,1,,env,part-c0-unmanaged-baseline
1,part-c0-baseline-smoke,baseline,20260609,0,100261,281,1,16236,128,128,0.01,1e-06,0.66198730,1,,env,part-c0-unmanaged-baseline
1,part-c0-baseline-smoke,baseline,20260609,0,100560,282,1,15619,128,128,0.01,1e-06,0.63354492,1,,env,part-c0-unmanaged-baseline
1,part-c0-baseline-smoke,baseline,20260609,0,100747,283,1,14320,128,128,0.01,1e-06,0.51971436,1,,env,part-c0-unmanaged-baseline
1,part-c0-baseline-smoke,baseline,20260609,0,101013,284,1,15107,128,128,0.01,1e-06,0.50445557,1,,env,part-c0-unmanaged-baseline
1,part-c0-baseline-smoke,baseline,20260609,0,101344,285,1,15279,128,128,0.01,1e-06,0.65167236,1,,env,part-c0-unmanaged-baseline
1,part-c0-baseline-smoke,baseline,20260609,0,101597,286,1,15261,128,128,0.01,1e-06,0.51104736,1,,env,part-c0-unmanaged-baseline
1,part-c0-baseline-smoke,baseline,20260609,0,101858,287,1,14820,128,128,0.01,1e-06,0.59332275,1,,env,part-c0-unmanaged-baseline
1,part-c0-baseline-smoke,baseline,20260609,0,102261,288,1,16032,128,128,0.01,1e-06,0.64758301,1,,env,part-c0-unmanaged-baseline
1,part-c0-baseline-smoke,baseline,20260609,0,102277,289,1,28,128,128,0.01,1e-06,0.69989014,1,,env,part-c0-unmanaged-baseline
1,part-c0-baseline-smoke,baseline,20260609,0,107527,290,1,16384,128,128,0.01,1e-06,0.53472900,1,,env,part-c0-unmanaged-baseline
1,part-c0-baseline-smoke,baseline,20260609,0,107678,291,1,12440,128,128,0.01,1e-06,0.56030273,1,,env,part-c0-unmanaged-baseline
1,part-c0-baseline-smoke,baseline,20260609,0,108381,292,1,16373,128,128,0.01,1e-06,0.51916504,1,,env,part-c0-unmanaged-baseline
1,part-c0-baseline-smoke,baseline,20260609,0,108886,293,1,16250,128,128,0.01,1e-06,0.61639404,1,,env,part-c0-unmanaged-baseline
1,part-c0-baseline-smoke,baseline,20260609,0,109320,294,1,16159,128,128,0.01,1e-06,0.61376953,1,,env,part-c0-unmanaged-baseline
1,part-c0-baseline-smoke,baseline,20260609,0,109588,295,1,15602,128,128,0.01,1e-06,0.38824463,1,,env,part-c0-unmanaged-baseline
1,part-c0-baseline-smoke,baseline,20260609,0,109870,296,1,15298,128,128,0.01,1e-06,0.42901611,1,,env,part-c0-unmanaged-baseline
1,part-c0-baseline-smoke,baseline,20260609,0,110164,297,1,15176,128,128,0.01,1e-06,0.50518799,1,,env,part-c0-unmanaged-baseline
1,part-c0-baseline-smoke,baseline,20260609,0,110380,298,1,14178,128,128,0.01,1e-06,0.55438232,1,,env,part-c0-unmanaged-baseline
1,part-c0-baseline-smoke,baseline,20260609,0,111233,299,1,16381,128,128,0.01,1e-06,0.54138184,1,,env,part-c0-unmanaged-baseline
